﻿<Ui xmlns="http://www.blizzard.com/wow/ui/" xmlns:xsi="http://www.w3.org/2001/XMLSchema-instance" xsi:schemaLocation="http://www.blizzard.com/wow/ui/
    ..\..\FrameXML\UI.xsd">

    <Frame name="BananaFrame">
        <Scripts>
            <OnLoad>
                Banana_OnLoad();
            </OnLoad>
            <OnEvent>
                Banana_OnEvent(event);
            </OnEvent>
            <OnUpdate>
                Banana_OnUpdate(arg1);
            </OnUpdate>
        </Scripts>
    </Frame>

    <Frame clampedToScreen="false" name="BananaMtSymbolTemplate" virtual="true" movable="false">
        <Size>
            <AbsDimension x="16" y="16"/>
        </Size>
		<Layers>
			<Layer level="BACKGROUND">
				<Texture name="$parentSymbol" file="Interface\TargetingFrame\UI-RaidTargetingIcons" hidden="false">
					<Size>
						<AbsDimension x="16" y="16"/>
					</Size>
					<Anchors>
						<Anchor point="TOPLEFT" relativePoint="TOPLEFT">
							<Offset>
								<AbsDimension x="0" y="0"/>
							</Offset>
						</Anchor>
					</Anchors>
				</Texture>
            </Layer>
		</Layers>
    </Frame>

    


    <CheckButton clampedToScreen="true" name="BananaButtonTemplate" inherits="ActionButtonTemplate" virtual="true" movable="false">
        <Size>
            <AbsDimension x="36" y="36"/>
        </Size>
        <Scripts>
            <OnLoad>
                Banana_RaidTargetButtonOnLoad();
                this:RegisterForClicks("LeftButtonUp", "RightButtonUp", "MiddleButtonDown", "MiddleButtonUp");
            </OnLoad>
            <OnClick>
                Banana_ButtonOnClick(arg1);
            </OnClick>
            <OnMouseUp>
                Banana_ButtonOnMouseUp(arg1);
            </OnMouseUp>
            <OnMouseDown>
                Banana_ButtonOnMouseDown(arg1);
            </OnMouseDown>
            <OnEnter>
                Banana_ButtonOnEnter();
            </OnEnter>
            <OnLeave>
                Banana_ButtonOnLeave();
            </OnLeave>
        </Scripts>
		<Layers>
			<Layer level="BACKGROUND">
				<FontString name="$parentMobName" inherits="GameFontNormalSmall" justifyH="LEFT">
					<Size>
						<AbsDimension x="300" y="24"/>
					</Size>
					<Anchors>
						<Anchor point="BOTTOMLEFT" relativePoint="RIGHT">
							<Offset>
								<AbsDimension x="0" y="-8"/>
							</Offset>
						</Anchor>
					</Anchors>
				</FontString>
				<Texture name="$parentTargetSymbol" file="Interface\TargetingFrame\UI-RaidTargetingIcons" hidden="false">
					<Size>
						<AbsDimension x="16" y="16"/>
					</Size>
					<Anchors>
						<Anchor point="BOTTOMLEFT" relativePoint="BOTTOMRIGHT">
							<Offset>
								<AbsDimension x="0" y="0"/>
							</Offset>
						</Anchor>
					</Anchors>
				</Texture>
            </Layer>
		</Layers>
    </CheckButton>
    
	<CheckButton parent="UIParent" name="RaidTargetFrame1Button" id="1" inherits="BananaButtonTemplate" hidden="false"/>
	<CheckButton parent="UIParent" name="RaidTargetFrame2Button" id="2" inherits="BananaButtonTemplate" hidden="false"/>
	<CheckButton parent="UIParent" name="RaidTargetFrame3Button" id="3" inherits="BananaButtonTemplate" hidden="false"/>
	<CheckButton parent="UIParent" name="RaidTargetFrame4Button" id="4" inherits="BananaButtonTemplate" hidden="false"/>
	<CheckButton parent="UIParent" name="RaidTargetFrame5Button" id="5" inherits="BananaButtonTemplate" hidden="false"/>
	<CheckButton parent="UIParent" name="RaidTargetFrame6Button" id="6" inherits="BananaButtonTemplate" hidden="false"/>
	<CheckButton parent="UIParent" name="RaidTargetFrame7Button" id="7" inherits="BananaButtonTemplate" hidden="false"/>
	<CheckButton parent="UIParent" name="RaidTargetFrame8Button" id="8" inherits="BananaButtonTemplate" hidden="false"/>
	<CheckButton parent="UIParent" name="RaidTargetFrame9Button" id="9" inherits="BananaButtonTemplate" hidden="false"/>

	<GameTooltip name="BananaTooltip" frameStrata="LOW" toplevel="true" movable="true" parent="UIParent" inherits="GameTooltipTemplate" visible="false" />

</Ui>
