﻿<Bindings>
	<Binding name="BANANA_TARGET_SYMBOL1" header="BANANA_PLUGINNAME">
		Banana_TargetSymbol1()
	</Binding>
	<Binding name="BANANA_TARGET_SYMBOL2" header="BANANA_PLUGINNAME">
		Banana_TargetSymbol2()
	</Binding>
	<Binding name="BANANA_TARGET_SYMBOL3" header="BANANA_PLUGINNAME">
		Banana_TargetSymbol3()
	</Binding>
	<Binding name="BANANA_TARGET_SYMBOL4" header="BANANA_PLUGINNAME">
		Banana_TargetSymbol4()
	</Binding>
	<Binding name="BANANA_TARGET_SYMBOL5" header="BANANA_PLUGINNAME">
		Banana_TargetSymbol5()
	</Binding>
	<Binding name="BANANA_TARGET_SYMBOL6" header="BANANA_PLUGINNAME">
		Banana_TargetSymbol6()
	</Binding>
	<Binding name="BANANA_TARGET_SYMBOL7" header="BANANA_PLUGINNAME">
		Banana_TargetSymbol7()
	</Binding>
	<Binding name="BANANA_TARGET_SYMBOL8" header="BANANA_PLUGINNAME">
		Banana_TargetSymbol8()
	</Binding>
	<Binding name="Reset Button Positions" header="BANANA_PLUGINNAME">
		Banana_ResetAll();
	</Binding>
	<Binding name="Open Config Window" header="BANANA_PLUGINNAME">
		Banana_Command("/bananabar");
	</Binding>
	<Binding name="Clear all Raid Symbols" header="BANANA_PLUGINNAME">
		Banana_ClearRaidSymbols();
	</Binding>
	
</Bindings>
